month,brand,hour,time_segment,purchase_count,revenue,purchase_user_count
10월,apple,0,새벽 (0-6시),499,474360.44,378
10월,apple,1,새벽 (0-6시),728,646800.85,550
10월,apple,2,새벽 (0-6시),1698,1526854.15,1300
10월,apple,3,새벽 (0-6시),4042,3590529.78,2931
10월,apple,4,새벽 (0-6시),5750,5120730.26,4180
10월,apple,5,새벽 (0-6시),7069,6218998.81,5156
10월,apple,6,오전 (6-12시),7820,6916499.83,5729
10월,apple,7,오전 (6-12시),8068,7115584.03,5989
10월,apple,8,오전 (6-12시),8566,7509620.46,6234
10월,apple,9,오전 (6-12시),9131,8065012.54,6501
10월,apple,10,오전 (6-12시),8329,7362050.41,6176
10월,apple,11,오전 (6-12시),7786,6970096.05,5820
10월,apple,12,오후 (12-18시),6702,5938108.17,5059
10월,apple,13,오후 (12-18시),6202,5540486.53,4760
10월,apple,14,오후 (12-18시),5656,5059904.21,4278
10월,apple,15,오후 (12-18시),5238,4620293.48,4083
10월,apple,16,오후 (12-18시),5151,4561559.68,3904
10월,apple,17,오후 (12-18시),4709,4151180.43,3521
10월,apple,18,저녁 (18-24시),4245,3856585.75,2999
10월,apple,19,저녁 (18-24시),3167,2892610.27,2272
10월,apple,20,저녁 (18-24시),1977,1824689.26,1438
10월,apple,21,저녁 (18-24시),1371,1277744.26,994
10월,apple,22,저녁 (18-24시),850,766502.77,613
10월,apple,23,저녁 (18-24시),580,533814.64,418
10월,asus,3,새벽 (0-6시),1,141.55,1
10월,asus,8,오전 (6-12시),1,205.9,1
10월,asus,9,오전 (6-12시),2,419.14,2
10월,asus,10,오전 (6-12시),3,560.69,2
10월,asus,13,오후 (12-18시),3,749.71,3
10월,asus,16,오후 (12-18시),1,277.59,1
10월,asus,17,오후 (12-18시),1,277.59,1
10월,blackberry,3,새벽 (0-6시),1,308.63,1
10월,blackberry,4,새벽 (0-6시),1,308.63,1
10월,blackberry,7,오전 (6-12시),1,308.63,1
10월,blackberry,12,오후 (12-18시),1,354.96,1
10월,blackberry,15,오후 (12-18시),1,411.59,1
10월,blackberry,17,오후 (12-18시),3,1018.79,2
10월,bq,1,새벽 (0-6시),2,154.88,2
10월,bq,2,새벽 (0-6시),1,40.13,1
10월,bq,3,새벽 (0-6시),10,558.15,8
10월,bq,4,새벽 (0-6시),6,297.68,6
10월,bq,5,새벽 (0-6시),6,452.08,6
10월,bq,6,오전 (6-12시),6,435.83,6
10월,bq,7,오전 (6-12시),8,510.16,6
10월,bq,8,오전 (6-12시),2,132.17,2
10월,bq,9,오전 (6-12시),6,302.91,6
10월,bq,10,오전 (6-12시),6,346.23,6
10월,bq,11,오전 (6-12시),6,366.0,4
10월,bq,12,오후 (12-18시),1,39.36,1
10월,bq,13,오후 (12-18시),7,451.91,7
10월,bq,14,오후 (12-18시),8,538.54,7
10월,bq,15,오후 (12-18시),4,363.6,4
10월,bq,16,오후 (12-18시),1,92.81,1
10월,bq,17,오후 (12-18시),5,315.7,5
10월,bq,18,저녁 (18-24시),3,195.01,3
10월,bq,20,저녁 (18-24시),2,137.44,2
10월,bq,21,저녁 (18-24시),2,131.16,2
10월,doogee,1,새벽 (0-6시),1,154.19,1
10월,doogee,2,새벽 (0-6시),5,609.15,5
10월,doogee,3,새벽 (0-6시),1,154.42,1
10월,doogee,4,새벽 (0-6시),5,672.63,4
10월,doogee,5,새벽 (0-6시),1,59.18,1
10월,doogee,6,오전 (6-12시),9,949.18,9
10월,doogee,7,오전 (6-12시),7,983.67,6
10월,doogee,8,오전 (6-12시),10,1184.24,6
10월,doogee,9,오전 (6-12시),3,310.43,3
10월,doogee,10,오전 (6-12시),2,303.23,2
10월,doogee,11,오전 (6-12시),3,457.91,3
10월,doogee,12,오후 (12-18시),4,361.38,4
10월,doogee,13,오후 (12-18시),5,537.15,5
10월,doogee,14,오후 (12-18시),7,783.06,7
10월,doogee,15,오후 (12-18시),9,1238.61,8
10월,doogee,16,오후 (12-18시),2,213.37,2
10월,doogee,17,오후 (12-18시),6,673.88,5
10월,doogee,18,저녁 (18-24시),2,223.64,2
10월,doogee,19,저녁 (18-24시),5,516.56,3
10월,doogee,20,저녁 (18-24시),2,249.38,2
10월,fly,2,새벽 (0-6시),2,87.46,1
10월,fly,3,새벽 (0-6시),1,43.73,1
10월,fly,5,새벽 (0-6시),6,277.83,6
10월,fly,6,오전 (6-12시),2,87.46,2
10월,fly,7,오전 (6-12시),3,146.64,3
10월,fly,8,오전 (6-12시),2,87.46,2
10월,fly,9,오전 (6-12시),3,136.34,3
10월,fly,10,오전 (6-12시),3,131.19,3
10월,fly,11,오전 (6-12시),4,180.07,3
10월,fly,12,오후 (12-18시),5,234.1,4
10월,fly,13,오후 (12-18시),8,385.89,7
10월,fly,15,오후 (12-18시),3,136.34,3
10월,fly,16,오후 (12-18시),3,136.34,3
10월,fly,23,저녁 (18-24시),1,43.73,1
10월,gionee,2,새벽 (0-6시),1,89.84,1
10월,gionee,3,새벽 (0-6시),1,74.39,1
10월,gionee,4,새벽 (0-6시),1,74.39,1
10월,gionee,5,새벽 (0-6시),3,320.99,3
10월,gionee,7,오전 (6-12시),1,74.65,1
10월,gionee,8,오전 (6-12시),1,89.84,1
10월,gionee,9,오전 (6-12시),6,639.42,3
10월,gionee,10,오전 (6-12시),3,200.24,2
10월,gionee,11,오전 (6-12시),1,123.3,1
10월,gionee,12,오후 (12-18시),9,881.12,6
10월,gionee,14,오후 (12-18시),2,148.78,2
10월,gionee,16,오후 (12-18시),2,149.04,2
10월,gionee,17,오후 (12-18시),1,74.39,1
10월,gionee,18,저녁 (18-24시),1,123.3,1
10월,google,2,새벽 (0-6시),2,1160.88,2
10월,google,3,새벽 (0-6시),2,1184.08,2
10월,google,5,새벽 (0-6시),3,1691.11,2
10월,google,7,오전 (6-12시),2,1111.94,1
10월,google,8,오전 (6-12시),3,1714.31,2
10월,google,9,오전 (6-12시),1,579.17,1
10월,google,10,오전 (6-12시),2,1454.22,2
10월,google,12,오후 (12-18시),4,2344.96,3
10월,google,13,오후 (12-18시),2,1184.08,2
10월,google,16,오후 (12-18시),1,849.39,1
10월,google,17,오후 (12-18시),1,604.91,1
10월,google,18,저녁 (18-24시),1,604.91,1
10월,google,20,저녁 (18-24시),1,604.91,1
10월,google,21,저녁 (18-24시),1,604.91,1
10월,google,23,저녁 (18-24시),1,579.17,1
10월,haier,2,새벽 (0-6시),1,123.53,1
10월,haier,3,새벽 (0-6시),3,283.08,3
10월,haier,4,새벽 (0-6시),5,609.92,5
10월,haier,5,새벽 (0-6시),7,555.84,6
10월,haier,6,오전 (6-12시),11,900.68,10
10월,haier,7,오전 (6-12시),2,123.51,2
10월,haier,8,오전 (6-12시),5,671.7,4
10월,haier,9,오전 (6-12시),7,540.4,7
10월,haier,10,오전 (6-12시),7,517.23,7
10월,haier,11,오전 (6-12시),5,409.16,5
10월,haier,12,오후 (12-18시),8,578.99,6
10월,haier,13,오후 (12-18시),5,548.15,5
10월,haier,14,오후 (12-18시),7,517.23,6
10월,haier,15,오후 (12-18시),3,169.82,3
10월,haier,16,오후 (12-18시),4,277.91,4
10월,haier,17,오후 (12-18시),1,77.2,1
10월,haier,18,저녁 (18-24시),3,231.6,3
10월,haier,19,저녁 (18-24시),2,200.73,2
10월,haier,20,저녁 (18-24시),3,185.26,3
10월,haier,21,저녁 (18-24시),3,247.04,3
10월,honor,0,새벽 (0-6시),1,257.38,1
10월,honor,1,새벽 (0-6시),3,1158.25,3
10월,honor,2,새벽 (0-6시),10,2388.48,10
10월,honor,3,새벽 (0-6시),23,6200.73,21
10월,honor,4,새벽 (0-6시),28,7146.01,24
10월,honor,5,새벽 (0-6시),33,8710.65,31
10월,honor,6,오전 (6-12시),31,7695.2,29
10월,honor,7,오전 (6-12시),43,10968.11,33
10월,honor,8,오전 (6-12시),26,5726.3,25
10월,honor,9,오전 (6-12시),41,9540.87,32
10월,honor,10,오전 (6-12시),51,11170.79,38
10월,honor,11,오전 (6-12시),29,7401.11,26
10월,honor,12,오후 (12-18시),27,6646.48,25
10월,honor,13,오후 (12-18시),35,8244.93,34
10월,honor,14,오후 (12-18시),28,6537.6,26
10월,honor,15,오후 (12-18시),34,10239.73,28
10월,honor,16,오후 (12-18시),41,9486.12,38
10월,honor,17,오후 (12-18시),22,5533.04,18
10월,honor,18,저녁 (18-24시),15,5226.68,13
10월,honor,19,저녁 (18-24시),13,2934.1,8
10월,honor,20,저녁 (18-24시),12,2058.73,6
10월,honor,21,저녁 (18-24시),6,1467.06,6
10월,honor,22,저녁 (18-24시),1,231.64,1
10월,honor,23,저녁 (18-24시),2,514.76,2
10월,htc,0,새벽 (0-6시),1,102.94,1
10월,htc,4,새벽 (0-6시),5,514.7,2
10월,htc,5,새벽 (0-6시),5,514.7,2
10월,htc,6,오전 (6-12시),1,102.94,1
10월,htc,8,오전 (6-12시),3,308.82,3
10월,htc,9,오전 (6-12시),8,823.52,2
10월,htc,10,오전 (6-12시),3,308.82,3
10월,htc,12,오후 (12-18시),1,102.94,1
10월,htc,13,오후 (12-18시),5,514.7,4
10월,htc,14,오후 (12-18시),1,102.94,1
10월,htc,15,오후 (12-18시),1,102.94,1
10월,htc,16,오후 (12-18시),1,102.94,1
10월,htc,18,저녁 (18-24시),1,102.94,1
10월,htc,19,저녁 (18-24시),5,514.7,3
10월,htc,22,저녁 (18-24시),2,205.88,1
10월,huawei,0,새벽 (0-6시),77,19375.02,62
10월,huawei,1,새벽 (0-6시),163,34817.7,140
10월,huawei,2,새벽 (0-6시),404,87315.33,348
10월,huawei,3,새벽 (0-6시),888,183424.54,732
10월,huawei,4,새벽 (0-6시),1195,254855.07,1006
10월,huawei,5,새벽 (0-6시),1335,285396.62,1153
10월,huawei,6,오전 (6-12시),1490,314814.66,1253
10월,huawei,7,오전 (6-12시),1582,340285.99,1345
10월,huawei,8,오전 (6-12시),1649,351081.43,1396
10월,huawei,9,오전 (6-12시),1596,337874.11,1319
10월,huawei,10,오전 (6-12시),1462,308676.24,1220
10월,huawei,11,오전 (6-12시),1424,305972.5,1189
10월,huawei,12,오후 (12-18시),1254,275029.15,1031
10월,huawei,13,오후 (12-18시),1194,254243.57,996
10월,huawei,14,오후 (12-18시),1106,225643.37,940
10월,huawei,15,오후 (12-18시),1173,249659.1,974
10월,huawei,16,오후 (12-18시),1064,241013.7,912
10월,huawei,17,오후 (12-18시),918,207368.19,760
10월,huawei,18,저녁 (18-24시),758,163140.5,613
10월,huawei,19,저녁 (18-24시),464,107597.96,377
10월,huawei,20,저녁 (18-24시),303,71545.53,239
10월,huawei,21,저녁 (18-24시),173,41629.44,144
10월,huawei,22,저녁 (18-24시),131,25609.29,92
10월,huawei,23,저녁 (18-24시),77,16125.5,66
10월,inoi,0,새벽 (0-6시),3,166.42,3
10월,inoi,1,새벽 (0-6시),1,46.05,1
10월,inoi,2,새벽 (0-6시),2,96.72,2
10월,inoi,3,새벽 (0-6시),8,451.69,6
10월,inoi,4,새벽 (0-6시),11,576.55,10
10월,inoi,5,새벽 (0-6시),8,344.84,7
10월,inoi,6,오전 (6-12시),16,743.62,15
10월,inoi,7,오전 (6-12시),18,940.62,16
10월,inoi,8,오전 (6-12시),9,457.99,9
10월,inoi,9,오전 (6-12시),8,420.17,8
10월,inoi,10,오전 (6-12시),8,402.64,8
10월,inoi,11,오전 (6-12시),7,339.26,7
10월,inoi,12,오후 (12-18시),14,705.04,13
10월,inoi,13,오후 (12-18시),8,421.67,7
10월,inoi,14,오후 (12-18시),12,627.84,10
10월,inoi,15,오후 (12-18시),13,659.03,12
10월,inoi,16,오후 (12-18시),10,583.38,9
10월,inoi,17,오후 (12-18시),8,410.92,8
10월,inoi,18,저녁 (18-24시),11,580.61,10
10월,inoi,19,저녁 (18-24시),6,347.88,6
10월,inoi,20,저녁 (18-24시),8,434.8,5
10월,inoi,21,저녁 (18-24시),6,365.96,4
10월,irbis,3,새벽 (0-6시),1,71.65,1
10월,irbis,5,새벽 (0-6시),1,94.66,1
10월,irbis,8,오전 (6-12시),1,65.89,1
10월,irbis,11,오전 (6-12시),2,155.07,2
10월,irbis,14,오후 (12-18시),1,60.14,1
10월,irbis,17,오후 (12-18시),1,57.5,1
10월,jinga,3,새벽 (0-6시),1,54.57,1
10월,jinga,4,새벽 (0-6시),3,223.86,3
10월,jinga,5,새벽 (0-6시),4,275.0,3
10월,jinga,6,오전 (6-12시),3,168.32,3
10월,jinga,7,오전 (6-12시),1,74.62,1
10월,jinga,8,오전 (6-12시),3,200.7,2
10월,jinga,9,오전 (6-12시),1,59.18,1
10월,jinga,10,오전 (6-12시),1,59.18,1
10월,jinga,11,오전 (6-12시),2,133.8,2
10월,jinga,12,오후 (12-18시),1,69.16,1
10월,jinga,13,오후 (12-18시),4,257.69,4
10월,jinga,14,오후 (12-18시),5,322.17,5
10월,jinga,15,오후 (12-18시),1,51.46,1
10월,jinga,16,오후 (12-18시),3,178.08,3
10월,jinga,17,오후 (12-18시),2,113.75,2
10월,jinga,19,저녁 (18-24시),1,69.34,1
10월,jinga,20,저녁 (18-24시),1,52.21,1
10월,jinga,21,저녁 (18-24시),4,257.27,4
10월,jinga,23,저녁 (18-24시),2,113.75,2
10월,lg,1,새벽 (0-6시),1,137.86,1
10월,lg,2,새벽 (0-6시),2,689.8,2
10월,lg,3,새벽 (0-6시),2,561.1,2
10월,lg,4,새벽 (0-6시),4,1641.93,4
10월,lg,5,새벽 (0-6시),5,1584.24,4
10월,lg,6,오전 (6-12시),3,748.31,3
10월,lg,7,오전 (6-12시),9,2846.7,8
10월,lg,8,오전 (6-12시),14,4456.83,14
10월,lg,9,오전 (6-12시),9,2706.44,8
10월,lg,10,오전 (6-12시),9,2382.26,8
10월,lg,11,오전 (6-12시),3,854.87,3
10월,lg,12,오후 (12-18시),7,2414.3,6
10월,lg,13,오후 (12-18시),8,2092.58,7
10월,lg,14,오후 (12-18시),7,2414.3,7
10월,lg,15,오후 (12-18시),5,1595.8,5
10월,lg,16,오후 (12-18시),8,2594.47,7
10월,lg,17,오후 (12-18시),6,1783.01,6
10월,lg,18,저녁 (18-24시),2,549.54,2
10월,lg,19,저녁 (18-24시),3,894.44,3
10월,lg,20,저녁 (18-24시),3,802.75,3
10월,meizu,0,새벽 (0-6시),8,914.31,7
10월,meizu,1,새벽 (0-6시),13,1806.1,12
10월,meizu,2,새벽 (0-6시),36,3747.03,31
10월,meizu,3,새벽 (0-6시),76,8262.1,62
10월,meizu,4,새벽 (0-6시),93,10572.36,86
10월,meizu,5,새벽 (0-6시),92,10980.65,84
10월,meizu,6,오전 (6-12시),105,13004.78,98
10월,meizu,7,오전 (6-12시),115,14488.8,99
10월,meizu,8,오전 (6-12시),126,15993.54,110
10월,meizu,9,오전 (6-12시),132,16805.99,114
10월,meizu,10,오전 (6-12시),97,12144.66,82
10월,meizu,11,오전 (6-12시),112,13337.58,93
10월,meizu,12,오후 (12-18시),85,11242.31,70
10월,meizu,13,오후 (12-18시),85,12127.4,76
10월,meizu,14,오후 (12-18시),97,12661.87,86
10월,meizu,15,오후 (12-18시),105,12662.54,85
10월,meizu,16,오후 (12-18시),84,9958.5,71
10월,meizu,17,오후 (12-18시),76,10955.19,69
10월,meizu,18,저녁 (18-24시),64,8745.17,54
10월,meizu,19,저녁 (18-24시),36,5026.76,31
10월,meizu,20,저녁 (18-24시),14,2596.06,11
10월,meizu,21,저녁 (18-24시),20,2274.06,14
10월,meizu,22,저녁 (18-24시),10,1441.97,9
10월,meizu,23,저녁 (18-24시),5,574.84,5
10월,micromax,10,오전 (6-12시),1,84.85,1
10월,nokia,0,새벽 (0-6시),3,344.59,3
10월,nokia,1,새벽 (0-6시),8,973.99,5
10월,nokia,2,새벽 (0-6시),15,1839.57,15
10월,nokia,3,새벽 (0-6시),23,4200.68,21
10월,nokia,4,새벽 (0-6시),31,4516.64,28
10월,nokia,5,새벽 (0-6시),25,3249.39,23
10월,nokia,6,오전 (6-12시),28,4372.05,27
10월,nokia,7,오전 (6-12시),46,9488.27,44
10월,nokia,8,오전 (6-12시),36,4786.57,34
10월,nokia,9,오전 (6-12시),45,7594.92,40
10월,nokia,10,오전 (6-12시),28,5018.13,27
10월,nokia,11,오전 (6-12시),28,4594.2,26
10월,nokia,12,오후 (12-18시),23,3802.23,21
10월,nokia,13,오후 (12-18시),20,2825.64,17
10월,nokia,14,오후 (12-18시),26,4574.81,24
10월,nokia,15,오후 (12-18시),32,4964.37,32
10월,nokia,16,오후 (12-18시),29,4898.62,25
10월,nokia,17,오후 (12-18시),24,5005.64,19
10월,nokia,18,저녁 (18-24시),24,3366.23,17
10월,nokia,19,저녁 (18-24시),8,1406.19,7
10월,nokia,20,저녁 (18-24시),3,485.04,3
10월,nokia,21,저녁 (18-24시),6,1289.9,5
10월,nokia,22,저녁 (18-24시),1,94.73,1
10월,nubia,5,새벽 (0-6시),1,145.67,1
10월,nubia,7,오전 (6-12시),1,159.57,1
10월,nubia,11,오전 (6-12시),1,145.67,1
10월,nubia,13,오후 (12-18시),1,159.57,1
10월,nubia,19,저녁 (18-24시),1,159.57,1
10월,oneplus,0,새벽 (0-6시),3,2408.41,3
10월,oneplus,2,새벽 (0-6시),10,7660.29,8
10월,oneplus,3,새벽 (0-6시),12,7123.95,10
10월,oneplus,4,새벽 (0-6시),22,14186.46,19
10월,oneplus,5,새벽 (0-6시),25,17771.0,19
10월,oneplus,6,오전 (6-12시),40,27115.2,31
10월,oneplus,7,오전 (6-12시),35,24432.7,28
10월,oneplus,8,오전 (6-12시),34,24379.32,30
10월,oneplus,9,오전 (6-12시),32,21803.31,26
10월,oneplus,10,오전 (6-12시),36,24472.49,24
10월,oneplus,11,오전 (6-12시),32,22075.4,25
10월,oneplus,12,오후 (12-18시),23,15868.38,21
10월,oneplus,13,오후 (12-18시),22,15843.38,21
10월,oneplus,14,오후 (12-18시),34,22907.68,26
10월,oneplus,15,오후 (12-18시),30,21316.89,21
10월,oneplus,16,오후 (12-18시),23,14792.05,15
10월,oneplus,17,오후 (12-18시),29,19525.87,22
10월,oneplus,18,저녁 (18-24시),14,9041.31,14
10월,oneplus,19,저녁 (18-24시),20,13821.58,17
10월,oneplus,20,저녁 (18-24시),10,7860.97,7
10월,oneplus,21,저녁 (18-24시),8,5593.59,7
10월,oneplus,22,저녁 (18-24시),6,4443.8,6
10월,oneplus,23,저녁 (18-24시),9,6632.19,6
10월,oppo,0,새벽 (0-6시),45,10071.81,36
10월,oppo,1,새벽 (0-6시),72,17008.03,55
10월,oppo,2,새벽 (0-6시),198,42088.54,178
10월,oppo,3,새벽 (0-6시),409,90789.98,336
10월,oppo,4,새벽 (0-6시),602,126808.44,482
10월,oppo,5,새벽 (0-6시),746,160422.2,587
10월,oppo,6,오전 (6-12시),816,173849.0,670
10월,oppo,7,오전 (6-12시),803,175922.37,679
10월,oppo,8,오전 (6-12시),849,188387.57,704
10월,oppo,9,오전 (6-12시),819,182338.85,677
10월,oppo,10,오전 (6-12시),805,180896.84,647
10월,oppo,11,오전 (6-12시),653,143505.15,576
10월,oppo,12,오후 (12-18시),618,147285.27,522
10월,oppo,13,오후 (12-18시),578,127330.35,498
10월,oppo,14,오후 (12-18시),584,128778.31,481
10월,oppo,15,오후 (12-18시),530,118181.81,446
10월,oppo,16,오후 (12-18시),520,115109.18,432
10월,oppo,17,오후 (12-18시),443,99791.69,373
10월,oppo,18,저녁 (18-24시),328,75372.61,274
10월,oppo,19,저녁 (18-24시),229,51076.39,183
10월,oppo,20,저녁 (18-24시),120,27634.96,94
10월,oppo,21,저녁 (18-24시),48,11356.0,44
10월,oppo,22,저녁 (18-24시),39,11130.92,32
10월,oppo,23,저녁 (18-24시),33,6897.71,27
10월,philips,4,새벽 (0-6시),1,82.37,1
10월,prestigio,1,새벽 (0-6시),4,189.09,4
10월,prestigio,2,새벽 (0-6시),5,270.64,4
10월,prestigio,3,새벽 (0-6시),10,623.69,7
10월,prestigio,4,새벽 (0-6시),17,950.01,15
10월,prestigio,5,새벽 (0-6시),19,1101.52,16
10월,prestigio,6,오전 (6-12시),24,1226.12,23
10월,prestigio,7,오전 (6-12시),25,1402.35,21
10월,prestigio,8,오전 (6-12시),28,1458.44,22
10월,prestigio,9,오전 (6-12시),14,820.03,11
10월,prestigio,10,오전 (6-12시),23,1229.06,19
10월,prestigio,11,오전 (6-12시),22,1276.03,21
10월,prestigio,12,오후 (12-18시),9,537.41,9
10월,prestigio,13,오후 (12-18시),13,753.66,13
10월,prestigio,14,오후 (12-18시),9,561.25,9
10월,prestigio,15,오후 (12-18시),14,731.86,13
10월,prestigio,16,오후 (12-18시),12,579.83,12
10월,prestigio,17,오후 (12-18시),10,556.78,8
10월,prestigio,18,저녁 (18-24시),10,537.45,8
10월,prestigio,19,저녁 (18-24시),4,179.58,4
10월,prestigio,20,저녁 (18-24시),3,168.0,3
10월,prestigio,21,저녁 (18-24시),4,290.5,3
10월,prestigio,22,저녁 (18-24시),6,313.12,5
10월,prestigio,23,저녁 (18-24시),2,77.18,1
10월,samsung,0,새벽 (0-6시),516,138802.16,398
10월,samsung,1,새벽 (0-6시),973,253061.87,797
10월,samsung,2,새벽 (0-6시),2490,620268.96,1976
10월,samsung,3,새벽 (0-6시),5691,1503973.09,4342
10월,samsung,4,새벽 (0-6시),8140,2095742.08,6159
10월,samsung,5,새벽 (0-6시),9581,2500517.87,7327
10월,samsung,6,오전 (6-12시),10540,2741071.12,7943
10월,samsung,7,오전 (6-12시),10905,2863491.87,8306
10월,samsung,8,오전 (6-12시),11406,2992287.88,8544
10월,samsung,9,오전 (6-12시),11222,2953412.39,8369
10월,samsung,10,오전 (6-12시),10662,2784376.29,8040
10월,samsung,11,오전 (6-12시),9435,2470286.97,7249
10월,samsung,12,오후 (12-18시),8494,2215135.17,6566
10월,samsung,13,오후 (12-18시),7470,1920594.76,5956
10월,samsung,14,오후 (12-18시),7013,1804804.69,5648
10월,samsung,15,오후 (12-18시),6927,1712874.4,5470
10월,samsung,16,오후 (12-18시),6168,1565989.43,4931
10월,samsung,17,오후 (12-18시),5031,1362458.33,4007
10월,samsung,18,저녁 (18-24시),3839,1048487.92,2962
10월,samsung,19,저녁 (18-24시),2725,753754.9,2082
10월,samsung,20,저녁 (18-24시),1694,472933.32,1263
10월,samsung,21,저녁 (18-24시),1051,286721.15,811
10월,samsung,22,저녁 (18-24시),675,190753.36,529
10월,samsung,23,저녁 (18-24시),460,117177.19,365
10월,sony,0,새벽 (0-6시),7,1560.68,6
10월,sony,1,새벽 (0-6시),9,2855.32,7
10월,sony,2,새벽 (0-6시),26,10273.45,16
10월,sony,3,새벽 (0-6시),25,10071.22,22
10월,sony,4,새벽 (0-6시),25,7830.99,23
10월,sony,5,새벽 (0-6시),24,6557.0,20
10월,sony,6,오전 (6-12시),29,10949.34,27
10월,sony,7,오전 (6-12시),42,15762.47,37
10월,sony,8,오전 (6-12시),40,14113.07,36
10월,sony,9,오전 (6-12시),22,6221.26,18
10월,sony,10,오전 (6-12시),29,7906.75,27
10월,sony,11,오전 (6-12시),18,6197.33,18
10월,sony,12,오후 (12-18시),33,14816.31,32
10월,sony,13,오후 (12-18시),22,6878.32,21
10월,sony,14,오후 (12-18시),20,6183.85,20
10월,sony,15,오후 (12-18시),28,9887.16,24
10월,sony,16,오후 (12-18시),12,4667.51,12
10월,sony,17,오후 (12-18시),26,6960.66,24
10월,sony,18,저녁 (18-24시),14,3452.95,12
10월,sony,19,저녁 (18-24시),14,4950.89,9
10월,sony,20,저녁 (18-24시),14,4392.16,11
10월,sony,21,저녁 (18-24시),4,796.88,4
10월,sony,22,저녁 (18-24시),5,2264.34,5
10월,sony,23,저녁 (18-24시),6,1968.04,6
10월,tecno,0,새벽 (0-6시),1,110.43,1
10월,tecno,1,새벽 (0-6시),2,220.86,1
10월,tecno,2,새벽 (0-6시),3,346.73,3
10월,tecno,3,새벽 (0-6시),1,66.67,1
10월,tecno,4,새벽 (0-6시),2,228.58,2
10월,tecno,5,새벽 (0-6시),3,302.97,3
10월,tecno,6,오전 (6-12시),10,1158.34,9
10월,tecno,7,오전 (6-12시),7,672.61,7
10월,tecno,8,오전 (6-12시),10,1039.94,7
10월,tecno,9,오전 (6-12시),17,1836.11,15
10월,tecno,10,오전 (6-12시),7,767.85,7
10월,tecno,11,오전 (6-12시),6,598.22,6
10월,tecno,12,오후 (12-18시),6,575.06,5
10월,tecno,13,오후 (12-18시),5,464.63,5
10월,tecno,14,오후 (12-18시),3,251.49,3
10월,tecno,15,오후 (12-18시),4,457.16,4
10월,tecno,16,오후 (12-18시),2,228.58,2
10월,tecno,17,오후 (12-18시),1,118.15,1
10월,tecno,18,저녁 (18-24시),1,66.67,1
10월,tecno,19,저녁 (18-24시),2,133.34,1
10월,tecno,21,저녁 (18-24시),1,110.43,1
10월,tecno,23,저녁 (18-24시),1,118.15,1
10월,texet,3,새벽 (0-6시),1,115.61,1
10월,texet,4,새벽 (0-6시),4,463.34,2
10월,texet,5,새벽 (0-6시),1,115.82,1
10월,texet,6,오전 (6-12시),1,115.61,1
10월,texet,7,오전 (6-12시),1,115.82,1
10월,texet,10,오전 (6-12시),1,115.82,1
10월,texet,12,오후 (12-18시),5,578.56,1
10월,texet,13,오후 (12-18시),1,115.82,1
10월,texet,16,오후 (12-18시),1,115.91,1
10월,tp-link,0,새벽 (0-6시),1,167.06,1
10월,tp-link,1,새벽 (0-6시),3,411.02,2
10월,tp-link,2,새벽 (0-6시),5,508.02,5
10월,tp-link,3,새벽 (0-6시),15,1402.12,9
10월,tp-link,4,새벽 (0-6시),23,2537.53,22
10월,tp-link,5,새벽 (0-6시),31,3365.83,28
10월,tp-link,6,오전 (6-12시),39,4374.2,34
10월,tp-link,7,오전 (6-12시),20,1959.36,19
10월,tp-link,8,오전 (6-12시),22,2620.25,20
10월,tp-link,9,오전 (6-12시),26,2803.31,25
10월,tp-link,10,오전 (6-12시),31,3461.59,23
10월,tp-link,11,오전 (6-12시),24,2853.28,20
10월,tp-link,12,오후 (12-18시),27,2927.07,25
10월,tp-link,13,오후 (12-18시),20,2171.11,16
10월,tp-link,14,오후 (12-18시),19,2243.79,17
10월,tp-link,15,오후 (12-18시),12,968.87,11
10월,tp-link,16,오후 (12-18시),7,618.55,7
10월,tp-link,17,오후 (12-18시),10,1076.8,8
10월,tp-link,18,저녁 (18-24시),11,1332.6,9
10월,tp-link,19,저녁 (18-24시),6,634.24,6
10월,tp-link,20,저녁 (18-24시),15,1524.65,3
10월,tp-link,21,저녁 (18-24시),2,193.06,1
10월,tp-link,22,저녁 (18-24시),5,445.52,3
10월,tp-link,23,저녁 (18-24시),1,96.53,1
10월,umi,3,새벽 (0-6시),2,1209.25,2
10월,umi,4,새벽 (0-6시),1,450.18,1
10월,umi,6,오전 (6-12시),4,1840.11,4
10월,umi,7,오전 (6-12시),3,1685.68,3
10월,umi,8,오전 (6-12시),1,463.31,1
10월,umi,9,오전 (6-12시),1,463.31,1
10월,umi,10,오전 (6-12시),1,463.31,1
10월,umi,11,오전 (6-12시),2,1222.37,2
10월,umi,12,오후 (12-18시),2,913.49,2
10월,umi,14,오후 (12-18시),2,913.49,2
10월,umi,15,오후 (12-18시),2,1235.5,1
10월,umi,18,저녁 (18-24시),2,926.62,1
10월,umi,19,저녁 (18-24시),2,1235.5,2
10월,umi,20,저녁 (18-24시),1,463.31,1
10월,umi,22,저녁 (18-24시),1,759.07,1
10월,unknown,2,새벽 (0-6시),7,4641.9,6
10월,unknown,3,새벽 (0-6시),15,11692.58,14
10월,unknown,4,새벽 (0-6시),27,18837.89,20
10월,unknown,5,새벽 (0-6시),33,24611.8,29
10월,unknown,6,오전 (6-12시),27,17831.1,22
10월,unknown,7,오전 (6-12시),32,23670.79,28
10월,unknown,8,오전 (6-12시),31,19623.16,29
10월,unknown,9,오전 (6-12시),34,25662.27,32
10월,unknown,10,오전 (6-12시),43,25362.9,33
10월,unknown,11,오전 (6-12시),30,21135.45,26
10월,unknown,12,오후 (12-18시),23,16982.58,17
10월,unknown,13,오후 (12-18시),23,15379.2,20
10월,unknown,14,오후 (12-18시),24,15683.2,21
10월,unknown,15,오후 (12-18시),14,9302.07,12
10월,unknown,16,오후 (12-18시),18,11012.22,18
10월,unknown,17,오후 (12-18시),18,12235.96,14
10월,unknown,18,저녁 (18-24시),16,9788.2,16
10월,unknown,19,저녁 (18-24시),13,9034.97,9
10월,unknown,20,저녁 (18-24시),9,6728.88,6
10월,unknown,21,저녁 (18-24시),5,4117.08,3
10월,unknown,22,저녁 (18-24시),1,643.23,1
10월,vivo,0,새벽 (0-6시),9,2727.76,6
10월,vivo,1,새벽 (0-6시),18,4413.79,13
10월,vivo,2,새벽 (0-6시),27,5815.36,22
10월,vivo,3,새벽 (0-6시),77,18596.73,66
10월,vivo,4,새벽 (0-6시),119,28373.73,103
10월,vivo,5,새벽 (0-6시),124,31026.24,100
10월,vivo,6,오전 (6-12시),137,33685.06,111
10월,vivo,7,오전 (6-12시),141,34002.6,116
10월,vivo,8,오전 (6-12시),155,38137.17,125
10월,vivo,9,오전 (6-12시),151,36064.35,131
10월,vivo,10,오전 (6-12시),197,46136.49,153
10월,vivo,11,오전 (6-12시),111,25905.06,100
10월,vivo,12,오후 (12-18시),125,32310.13,103
10월,vivo,13,오후 (12-18시),142,34308.86,104
10월,vivo,14,오후 (12-18시),98,22428.14,77
10월,vivo,15,오후 (12-18시),89,22332.47,73
10월,vivo,16,오후 (12-18시),90,23849.75,79
10월,vivo,17,오후 (12-18시),82,20017.89,63
10월,vivo,18,저녁 (18-24시),66,17795.02,52
10월,vivo,19,저녁 (18-24시),34,8761.08,30
10월,vivo,20,저녁 (18-24시),12,3189.21,12
10월,vivo,21,저녁 (18-24시),5,1462.65,4
10월,vivo,22,저녁 (18-24시),7,1513.88,6
10월,vivo,23,저녁 (18-24시),9,2825.18,9
10월,xiaomi,0,새벽 (0-6시),158,33752.83,133
10월,xiaomi,1,새벽 (0-6시),339,71272.59,283
10월,xiaomi,2,새벽 (0-6시),798,163441.6,654
10월,xiaomi,3,새벽 (0-6시),1585,326331.08,1289
10월,xiaomi,4,새벽 (0-6시),2143,449501.51,1740
10월,xiaomi,5,새벽 (0-6시),2608,537883.31,2060
10월,xiaomi,6,오전 (6-12시),2726,568995.78,2195
10월,xiaomi,7,오전 (6-12시),2887,602832.89,2298
10월,xiaomi,8,오전 (6-12시),2697,563383.46,2189
10월,xiaomi,9,오전 (6-12시),2771,561663.55,2220
10월,xiaomi,10,오전 (6-12시),2555,520951.88,2104
10월,xiaomi,11,오전 (6-12시),2452,515653.07,1973
10월,xiaomi,12,오후 (12-18시),2161,441605.38,1814
10월,xiaomi,13,오후 (12-18시),2159,446074.24,1790
10월,xiaomi,14,오후 (12-18시),2061,424923.78,1707
10월,xiaomi,15,오후 (12-18시),2110,440080.01,1735
10월,xiaomi,16,오후 (12-18시),1830,374598.38,1518
10월,xiaomi,17,오후 (12-18시),1622,338372.88,1306
10월,xiaomi,18,저녁 (18-24시),1273,277105.84,1020
10월,xiaomi,19,저녁 (18-24시),795,170489.17,627
10월,xiaomi,20,저녁 (18-24시),455,101465.75,348
10월,xiaomi,21,저녁 (18-24시),267,57052.67,212
10월,xiaomi,22,저녁 (18-24시),187,41770.06,147
10월,xiaomi,23,저녁 (18-24시),130,29175.46,110
10월,zte,2,새벽 (0-6시),1,77.2,1
10월,zte,3,새벽 (0-6시),9,653.6,9
10월,zte,4,새벽 (0-6시),12,885.2,11
10월,zte,5,새벽 (0-6시),8,666.53,8
10월,zte,6,오전 (6-12시),8,656.23,8
10월,zte,7,오전 (6-12시),19,1554.12,16
10월,zte,8,오전 (6-12시),12,905.8,9
10월,zte,9,오전 (6-12시),10,741.1,10
10월,zte,10,오전 (6-12시),20,1621.26,17
10월,zte,11,오전 (6-12시),10,869.62,10
10월,zte,12,오후 (12-18시),7,529.86,5
10월,zte,13,오후 (12-18시),6,452.9,5
10월,zte,14,오후 (12-18시),7,540.16,7
10월,zte,15,오후 (12-18시),8,645.93,8
10월,zte,16,오후 (12-18시),15,1195.67,12
10월,zte,17,오후 (12-18시),4,308.8,4
10월,zte,18,저녁 (18-24시),7,519.56,6
10월,zte,19,저녁 (18-24시),4,298.5,4
10월,zte,20,저녁 (18-24시),3,280.53,3
10월,zte,21,저녁 (18-24시),3,221.3,3
11월,apple,0,새벽 (0-6시),436,413369.07,350
11월,apple,1,새벽 (0-6시),523,475455.54,435
11월,apple,2,새벽 (0-6시),1293,1145743.64,1011
11월,apple,3,새벽 (0-6시),3372,3012994.58,2583
11월,apple,4,새벽 (0-6시),5536,5050698.85,4257
11월,apple,5,새벽 (0-6시),7176,6522550.92,5448
11월,apple,6,오전 (6-12시),7687,6848778.84,5870
11월,apple,7,오전 (6-12시),8003,7150161.48,6055
11월,apple,8,오전 (6-12시),9114,8249853.05,7071
11월,apple,9,오전 (6-12시),10329,9384659.69,7842
11월,apple,10,오전 (6-12시),10048,9092762.8,7634
11월,apple,11,오전 (6-12시),9330,8537545.5,7140
11월,apple,12,오후 (12-18시),8539,7823815.78,6731
11월,apple,13,오후 (12-18시),8085,7387305.47,6291
11월,apple,14,오후 (12-18시),7877,7152488.97,6159
11월,apple,15,오후 (12-18시),6815,6167024.56,5340
11월,apple,16,오후 (12-18시),5936,5301811.6,4536
11월,apple,17,오후 (12-18시),5931,5344991.08,4344
11월,apple,18,저녁 (18-24시),3839,3490276.72,2997
11월,apple,19,저녁 (18-24시),2773,2498111.79,2105
11월,apple,20,저녁 (18-24시),1918,1734628.53,1446
11월,apple,21,저녁 (18-24시),1287,1177517.12,984
11월,apple,22,저녁 (18-24시),870,794838.89,648
11월,apple,23,저녁 (18-24시),535,505683.31,412
11월,asus,1,새벽 (0-6시),1,277.59,1
11월,asus,3,새벽 (0-6시),2,505.98,2
11월,asus,5,새벽 (0-6시),1,277.59,1
11월,asus,9,오전 (6-12시),1,228.3,1
11월,asus,11,오전 (6-12시),1,228.39,1
11월,asus,12,오후 (12-18시),1,277.59,1
11월,asus,13,오후 (12-18시),2,555.18,2
11월,asus,16,오후 (12-18시),2,506.0,2
11월,asus,17,오후 (12-18시),1,228.39,1
11월,asus,19,저녁 (18-24시),1,277.59,1
11월,blackberry,1,새벽 (0-6시),1,411.59,1
11월,blackberry,4,새벽 (0-6시),2,823.18,2
11월,blackberry,5,새벽 (0-6시),1,308.63,1
11월,blackberry,8,오전 (6-12시),2,823.18,2
11월,blackberry,9,오전 (6-12시),1,411.59,1
11월,blackberry,12,오후 (12-18시),1,411.59,1
11월,blackberry,13,오후 (12-18시),1,411.59,1
11월,blackberry,14,오후 (12-18시),3,1234.77,1
11월,blackberry,15,오후 (12-18시),1,411.59,1
11월,blackberry,18,저녁 (18-24시),4,1646.36,1
11월,blackberry,19,저녁 (18-24시),2,823.18,1
11월,blackberry,20,저녁 (18-24시),1,411.59,1
11월,blackberry,22,저녁 (18-24시),1,411.59,1
11월,bq,2,새벽 (0-6시),2,170.48,2
11월,bq,3,새벽 (0-6시),2,166.18,2
11월,bq,4,새벽 (0-6시),3,323.75,3
11월,bq,5,새벽 (0-6시),6,357.75,6
11월,bq,6,오전 (6-12시),4,294.29,4
11월,bq,7,오전 (6-12시),4,250.74,4
11월,bq,8,오전 (6-12시),8,752.57,7
11월,bq,9,오전 (6-12시),9,786.45,9
11월,bq,10,오전 (6-12시),7,508.42,7
11월,bq,11,오전 (6-12시),9,619.88,9
11월,bq,12,오후 (12-18시),9,531.84,8
11월,bq,13,오후 (12-18시),8,515.44,7
11월,bq,14,오후 (12-18시),1,47.59,1
11월,bq,15,오후 (12-18시),10,833.23,8
11월,bq,16,오후 (12-18시),4,220.63,4
11월,bq,17,오후 (12-18시),6,453.34,5
11월,bq,18,저녁 (18-24시),1,83.08,1
11월,bq,19,저녁 (18-24시),1,49.91,1
11월,bq,20,저녁 (18-24시),1,51.46,1
11월,bq,22,저녁 (18-24시),1,53.98,1
11월,doogee,3,새벽 (0-6시),1,109.55,1
11월,doogee,4,새벽 (0-6시),2,308.84,2
11월,doogee,5,새벽 (0-6시),3,333.83,3
11월,doogee,8,오전 (6-12시),5,576.27,5
11월,doogee,9,오전 (6-12시),2,210.09,2
11월,doogee,10,오전 (6-12시),10,1184.89,7
11월,doogee,11,오전 (6-12시),3,333.42,3
11월,doogee,12,오후 (12-18시),9,1175.73,9
11월,doogee,13,오후 (12-18시),2,215.19,2
11월,doogee,15,오후 (12-18시),3,362.84,3
11월,doogee,16,오후 (12-18시),3,331.44,2
11월,doogee,17,오후 (12-18시),2,308.61,2
11월,doogee,18,저녁 (18-24시),1,99.22,1
11월,doogee,19,저녁 (18-24시),5,670.48,4
11월,doogee,20,저녁 (18-24시),4,536.48,4
11월,fly,5,새벽 (0-6시),1,43.73,1
11월,fly,7,오전 (6-12시),2,92.61,2
11월,fly,8,오전 (6-12시),3,137.94,3
11월,fly,9,오전 (6-12시),1,43.73,1
11월,fly,10,오전 (6-12시),4,180.07,4
11월,fly,11,오전 (6-12시),4,180.07,4
11월,fly,12,오후 (12-18시),4,180.07,4
11월,fly,13,오후 (12-18시),1,48.88,1
11월,fly,14,오후 (12-18시),2,93.41,2
11월,fly,15,오후 (12-18시),4,176.52,2
11월,fly,17,오후 (12-18시),1,43.73,1
11월,fly,19,저녁 (18-24시),1,43.73,1
11월,fly,23,저녁 (18-24시),1,48.88,1
11월,gionee,7,오전 (6-12시),1,123.3,1
11월,gionee,10,오전 (6-12시),1,123.3,1
11월,gionee,11,오전 (6-12시),2,213.14,2
11월,gionee,14,오후 (12-18시),3,272.08,3
11월,gionee,15,오후 (12-18시),1,74.39,1
11월,gionee,16,오후 (12-18시),1,74.39,1
11월,google,1,새벽 (0-6시),1,566.04,1
11월,google,2,새벽 (0-6시),1,578.91,1
11월,google,4,새벽 (0-6시),1,578.91,1
11월,google,5,새벽 (0-6시),4,2727.49,3
11월,google,6,오전 (6-12시),5,3293.53,4
11월,google,7,오전 (6-12시),4,2804.71,4
11월,google,8,오전 (6-12시),1,1029.37,1
11월,google,9,오전 (6-12시),3,1940.04,3
11월,google,10,오전 (6-12시),1,578.91,1
11월,google,11,오전 (6-12시),2,1608.28,2
11월,google,12,오후 (12-18시),1,617.52,1
11월,google,13,오후 (12-18시),2,1106.34,2
11월,google,14,오후 (12-18시),1,540.3,1
11월,google,15,오후 (12-18시),3,1801.08,2
11월,google,16,오후 (12-18시),1,540.3,1
11월,google,17,오후 (12-18시),3,2351.77,3
11월,google,18,저녁 (18-24시),1,540.3,1
11월,google,23,저녁 (18-24시),1,566.04,1
11월,haier,3,새벽 (0-6시),2,123.51,2
11월,haier,4,새벽 (0-6시),6,478.64,5
11월,haier,5,새벽 (0-6시),5,298.48,4
11월,haier,6,오전 (6-12시),7,555.84,6
11월,haier,7,오전 (6-12시),9,885.27,6
11월,haier,8,오전 (6-12시),8,684.52,8
11월,haier,9,오전 (6-12시),1,77.2,1
11월,haier,10,오전 (6-12시),9,761.72,8
11월,haier,11,오전 (6-12시),2,200.73,2
11월,haier,12,오후 (12-18시),5,594.49,5
11월,haier,13,오후 (12-18시),4,277.91,3
11월,haier,15,오후 (12-18시),5,527.57,5
11월,haier,16,오후 (12-18시),3,218.73,3
11월,haier,19,저녁 (18-24시),1,77.2,1
11월,haier,21,저녁 (18-24시),5,543.01,5
11월,honor,0,새벽 (0-6시),1,231.64,1
11월,honor,1,새벽 (0-6시),2,374.5,1
11월,honor,2,새벽 (0-6시),9,2586.44,8
11월,honor,3,새벽 (0-6시),21,5107.98,20
11월,honor,4,새벽 (0-6시),33,7657.27,30
11월,honor,5,새벽 (0-6시),25,5545.01,21
11월,honor,6,오전 (6-12시),37,8623.01,34
11월,honor,7,오전 (6-12시),33,6962.91,32
11월,honor,8,오전 (6-12시),61,15647.94,58
11월,honor,9,오전 (6-12시),62,13430.24,49
11월,honor,10,오전 (6-12시),51,13562.76,47
11월,honor,11,오전 (6-12시),47,11284.67,38
11월,honor,12,오후 (12-18시),43,9974.48,38
11월,honor,13,오후 (12-18시),50,12726.03,42
11월,honor,14,오후 (12-18시),55,13290.05,47
11월,honor,15,오후 (12-18시),43,12172.24,38
11월,honor,16,오후 (12-18시),49,13894.21,40
11월,honor,17,오후 (12-18시),23,6768.28,19
11월,honor,18,저녁 (18-24시),20,6318.69,18
11월,honor,19,저녁 (18-24시),8,1892.79,8
11월,honor,20,저녁 (18-24시),11,2537.57,9
11월,honor,21,저녁 (18-24시),8,4027.2,7
11월,honor,22,저녁 (18-24시),7,2033.64,5
11월,htc,2,새벽 (0-6시),3,308.82,3
11월,htc,3,새벽 (0-6시),1,102.94,1
11월,htc,4,새벽 (0-6시),2,205.88,1
11월,htc,5,새벽 (0-6시),1,102.94,1
11월,htc,6,오전 (6-12시),2,205.88,2
11월,htc,7,오전 (6-12시),4,411.76,3
11월,htc,8,오전 (6-12시),2,205.88,2
11월,htc,9,오전 (6-12시),4,411.76,4
11월,htc,10,오전 (6-12시),4,411.76,4
11월,htc,11,오전 (6-12시),4,411.76,3
11월,htc,12,오후 (12-18시),3,308.82,3
11월,htc,13,오후 (12-18시),2,205.88,2
11월,htc,14,오후 (12-18시),3,308.82,3
11월,htc,15,오후 (12-18시),2,205.88,1
11월,htc,16,오후 (12-18시),3,308.82,3
11월,htc,17,오후 (12-18시),2,205.88,2
11월,htc,18,저녁 (18-24시),1,102.94,1
11월,htc,20,저녁 (18-24시),1,102.94,1
11월,huawei,0,새벽 (0-6시),81,15980.36,60
11월,huawei,1,새벽 (0-6시),100,18313.27,87
11월,huawei,2,새벽 (0-6시),285,59353.04,248
11월,huawei,3,새벽 (0-6시),637,130728.85,527
11월,huawei,4,새벽 (0-6시),936,197755.62,814
11월,huawei,5,새벽 (0-6시),1187,236448.29,1018
11월,huawei,6,오전 (6-12시),1233,258461.65,1050
11월,huawei,7,오전 (6-12시),1371,277922.14,1172
11월,huawei,8,오전 (6-12시),1532,324485.29,1290
11월,huawei,9,오전 (6-12시),1713,358967.73,1404
11월,huawei,10,오전 (6-12시),1659,353705.63,1377
11월,huawei,11,오전 (6-12시),1573,327963.64,1309
11월,huawei,12,오후 (12-18시),1458,304282.48,1226
11월,huawei,13,오후 (12-18시),1491,306396.38,1247
11월,huawei,14,오후 (12-18시),1481,311315.1,1214
11월,huawei,15,오후 (12-18시),1289,267230.16,1099
11월,huawei,16,오후 (12-18시),1153,248859.36,947
11월,huawei,17,오후 (12-18시),959,223064.34,810
11월,huawei,18,저녁 (18-24시),552,114260.42,459
11월,huawei,19,저녁 (18-24시),400,90898.17,325
11월,huawei,20,저녁 (18-24시),228,47895.62,197
11월,huawei,21,저녁 (18-24시),156,37113.0,122
11월,huawei,22,저녁 (18-24시),107,26255.81,87
11월,huawei,23,저녁 (18-24시),55,12901.51,47
11월,inoi,1,새벽 (0-6시),2,99.6,2
11월,inoi,3,새벽 (0-6시),6,320.35,5
11월,inoi,4,새벽 (0-6시),13,776.96,13
11월,inoi,5,새벽 (0-6시),13,735.15,10
11월,inoi,6,오전 (6-12시),15,708.82,15
11월,inoi,7,오전 (6-12시),11,575.6,11
11월,inoi,8,오전 (6-12시),16,913.95,16
11월,inoi,9,오전 (6-12시),20,1054.74,17
11월,inoi,10,오전 (6-12시),14,799.97,13
11월,inoi,11,오전 (6-12시),11,512.56,11
11월,inoi,12,오후 (12-18시),8,394.15,8
11월,inoi,13,오후 (12-18시),14,557.88,9
11월,inoi,14,오후 (12-18시),10,498.09,9
11월,inoi,15,오후 (12-18시),11,572.4,10
11월,inoi,16,오후 (12-18시),11,525.23,11
11월,inoi,17,오후 (12-18시),16,798.58,14
11월,inoi,18,저녁 (18-24시),5,283.82,3
11월,inoi,19,저녁 (18-24시),4,196.51,4
11월,inoi,20,저녁 (18-24시),2,150.27,2
11월,inoi,23,저녁 (18-24시),1,52.47,1
11월,irbis,4,새벽 (0-6시),1,56.96,1
11월,irbis,5,새벽 (0-6시),1,57.08,1
11월,irbis,7,오전 (6-12시),1,59.92,1
11월,irbis,9,오전 (6-12시),2,114.38,1
11월,irbis,10,오전 (6-12시),1,65.21,1
11월,irbis,11,오전 (6-12시),1,60.04,1
11월,irbis,12,오후 (12-18시),1,67.65,1
11월,jinga,2,새벽 (0-6시),2,108.09,2
11월,jinga,3,새벽 (0-6시),1,94.97,1
11월,jinga,4,새벽 (0-6시),2,143.64,2
11월,jinga,5,새벽 (0-6시),1,48.91,1
11월,jinga,6,오전 (6-12시),1,54.57,1
11월,jinga,7,오전 (6-12시),1,73.88,1
11월,jinga,8,오전 (6-12시),6,394.64,6
11월,jinga,9,오전 (6-12시),1,59.18,1
11월,jinga,10,오전 (6-12시),3,235.98,3
11월,jinga,13,오후 (12-18시),1,58.72,1
11월,jinga,14,오후 (12-18시),1,73.88,1
11월,jinga,16,오후 (12-18시),3,203.92,3
11월,jinga,17,오후 (12-18시),2,117.71,2
11월,jinga,18,저녁 (18-24시),1,54.57,1
11월,jinga,21,저녁 (18-24시),1,58.94,1
11월,lenovo,6,오전 (6-12시),1,617.52,1
11월,lenovo,17,오후 (12-18시),1,617.52,1
11월,lg,1,새벽 (0-6시),1,408.37,1
11월,lg,2,새벽 (0-6시),1,344.9,1
11월,lg,3,새벽 (0-6시),3,1034.7,3
11월,lg,4,새벽 (0-6시),5,1378.75,5
11월,lg,5,새벽 (0-6시),4,1122.2,4
11월,lg,6,오전 (6-12시),5,1595.8,5
11월,lg,7,오전 (6-12시),5,1659.27,5
11월,lg,8,오전 (6-12시),2,561.1,2
11월,lg,9,오전 (6-12시),7,2347.31,7
11월,lg,10,오전 (6-12시),8,2284.75,8
11월,lg,11,오전 (6-12시),6,1660.18,6
11월,lg,12,오후 (12-18시),8,2692.21,7
11월,lg,13,오후 (12-18시),4,1250.9,3
11월,lg,14,오후 (12-18시),10,2793.94,10
11월,lg,15,오후 (12-18시),10,2653.68,8
11월,lg,16,오후 (12-18시),8,2078.1,7
11월,lg,17,오후 (12-18시),3,894.44,3
11월,lg,18,저녁 (18-24시),7,2349.07,6
11월,lg,19,저녁 (18-24시),1,344.9,1
11월,lg,20,저녁 (18-24시),2,753.27,2
11월,lg,21,저녁 (18-24시),1,344.9,1
11월,lg,22,저녁 (18-24시),1,344.9,1
11월,meizu,0,새벽 (0-6시),8,813.17,8
11월,meizu,1,새벽 (0-6시),14,1564.35,13
11월,meizu,2,새벽 (0-6시),25,2739.09,23
11월,meizu,3,새벽 (0-6시),57,6515.33,54
11월,meizu,4,새벽 (0-6시),83,10614.36,70
11월,meizu,5,새벽 (0-6시),116,14403.31,99
11월,meizu,6,오전 (6-12시),125,16889.91,111
11월,meizu,7,오전 (6-12시),131,16265.12,113
11월,meizu,8,오전 (6-12시),157,20210.4,139
11월,meizu,9,오전 (6-12시),172,20149.12,149
11월,meizu,10,오전 (6-12시),145,19596.21,124
11월,meizu,11,오전 (6-12시),180,24215.52,154
11월,meizu,12,오후 (12-18시),152,21226.38,137
11월,meizu,13,오후 (12-18시),146,20116.19,131
11월,meizu,14,오후 (12-18시),141,18325.88,122
11월,meizu,15,오후 (12-18시),106,12028.75,94
11월,meizu,16,오후 (12-18시),102,11619.45,93
11월,meizu,17,오후 (12-18시),108,14793.46,93
11월,meizu,18,저녁 (18-24시),40,5420.47,39
11월,meizu,19,저녁 (18-24시),25,4567.52,21
11월,meizu,20,저녁 (18-24시),23,2715.63,23
11월,meizu,21,저녁 (18-24시),10,1576.35,10
11월,meizu,22,저녁 (18-24시),9,947.77,9
11월,meizu,23,저녁 (18-24시),9,1057.47,8
11월,nokia,0,새벽 (0-6시),4,553.24,4
11월,nokia,1,새벽 (0-6시),4,666.71,4
11월,nokia,2,새벽 (0-6시),19,3508.79,16
11월,nokia,3,새벽 (0-6시),30,5801.79,21
11월,nokia,4,새벽 (0-6시),41,7919.13,34
11월,nokia,5,새벽 (0-6시),33,5747.99,28
11월,nokia,6,오전 (6-12시),30,6178.15,27
11월,nokia,7,오전 (6-12시),45,9078.33,42
11월,nokia,8,오전 (6-12시),36,6187.2,30
11월,nokia,9,오전 (6-12시),54,10786.71,42
11월,nokia,10,오전 (6-12시),41,7474.43,38
11월,nokia,11,오전 (6-12시),34,6457.84,30
11월,nokia,12,오후 (12-18시),38,7884.67,37
11월,nokia,13,오후 (12-18시),37,7268.43,36
11월,nokia,14,오후 (12-18시),60,10670.66,50
11월,nokia,15,오후 (12-18시),48,9490.77,42
11월,nokia,16,오후 (12-18시),32,5513.78,29
11월,nokia,17,오후 (12-18시),27,4917.08,26
11월,nokia,18,저녁 (18-24시),11,1389.97,10
11월,nokia,19,저녁 (18-24시),12,1838.38,11
11월,nokia,20,저녁 (18-24시),9,1912.59,8
11월,nokia,21,저녁 (18-24시),5,751.01,5
11월,nokia,22,저녁 (18-24시),4,464.46,4
11월,nubia,4,새벽 (0-6시),1,145.67,1
11월,nubia,5,새벽 (0-6시),1,145.67,1
11월,nubia,11,오전 (6-12시),5,728.35,1
11월,nubia,12,오후 (12-18시),2,291.34,2
11월,oneplus,1,새벽 (0-6시),4,2327.69,4
11월,oneplus,2,새벽 (0-6시),9,4914.99,7
11월,oneplus,3,새벽 (0-6시),12,8316.7,12
11월,oneplus,4,새벽 (0-6시),19,12938.45,17
11월,oneplus,5,새벽 (0-6시),26,16726.14,23
11월,oneplus,6,오전 (6-12시),24,16001.79,24
11월,oneplus,7,오전 (6-12시),37,23491.3,32
11월,oneplus,8,오전 (6-12시),47,29457.4,40
11월,oneplus,9,오전 (6-12시),33,22364.11,31
11월,oneplus,10,오전 (6-12시),26,17035.76,26
11월,oneplus,11,오전 (6-12시),24,16361.82,19
11월,oneplus,12,오후 (12-18시),33,21173.04,29
11월,oneplus,13,오후 (12-18시),36,24556.12,34
11월,oneplus,14,오후 (12-18시),35,21859.41,30
11월,oneplus,15,오후 (12-18시),29,19253.53,28
11월,oneplus,16,오후 (12-18시),28,16507.25,19
11월,oneplus,17,오후 (12-18시),40,27763.06,32
11월,oneplus,18,저녁 (18-24시),22,15395.43,21
11월,oneplus,19,저녁 (18-24시),16,10458.73,14
11월,oneplus,20,저녁 (18-24시),11,7741.21,6
11월,oneplus,21,저녁 (18-24시),7,4683.27,7
11월,oneplus,22,저녁 (18-24시),22,12156.22,7
11월,oneplus,23,저녁 (18-24시),5,2572.47,2
11월,oppo,0,새벽 (0-6시),39,8985.43,34
11월,oppo,1,새벽 (0-6시),60,13948.71,55
11월,oppo,2,새벽 (0-6시),152,35529.82,143
11월,oppo,3,새벽 (0-6시),429,99606.39,383
11월,oppo,4,새벽 (0-6시),750,168994.08,647
11월,oppo,5,새벽 (0-6시),898,210001.05,765
11월,oppo,6,오전 (6-12시),956,221443.55,801
11월,oppo,7,오전 (6-12시),1015,231012.78,859
11월,oppo,8,오전 (6-12시),1069,245373.28,860
11월,oppo,9,오전 (6-12시),1186,274627.41,982
11월,oppo,10,오전 (6-12시),1133,264813.21,917
11월,oppo,11,오전 (6-12시),1053,240215.33,891
11월,oppo,12,오후 (12-18시),1030,243086.63,871
11월,oppo,13,오후 (12-18시),1034,241442.13,876
11월,oppo,14,오후 (12-18시),1050,237691.57,857
11월,oppo,15,오후 (12-18시),878,205728.78,732
11월,oppo,16,오후 (12-18시),733,168421.23,635
11월,oppo,17,오후 (12-18시),674,151533.23,582
11월,oppo,18,저녁 (18-24시),387,96188.27,326
11월,oppo,19,저녁 (18-24시),237,54320.96,204
11월,oppo,20,저녁 (18-24시),132,30564.44,119
11월,oppo,21,저녁 (18-24시),90,23081.82,79
11월,oppo,22,저녁 (18-24시),56,12427.05,49
11월,oppo,23,저녁 (18-24시),39,9503.61,37
11월,philips,11,오전 (6-12시),1,82.37,1
11월,philips,17,오후 (12-18시),1,87.52,1
11월,prestigio,0,새벽 (0-6시),3,168.27,3
11월,prestigio,2,새벽 (0-6시),2,101.11,2
11월,prestigio,3,새벽 (0-6시),4,179.32,4
11월,prestigio,4,새벽 (0-6시),15,789.69,15
11월,prestigio,5,새벽 (0-6시),9,462.63,9
11월,prestigio,6,오전 (6-12시),6,298.26,6
11월,prestigio,7,오전 (6-12시),12,622.16,12
11월,prestigio,8,오전 (6-12시),13,710.15,12
11월,prestigio,9,오전 (6-12시),12,687.04,10
11월,prestigio,10,오전 (6-12시),14,746.89,14
11월,prestigio,11,오전 (6-12시),10,527.51,10
11월,prestigio,12,오후 (12-18시),11,545.14,8
11월,prestigio,13,오후 (12-18시),15,865.48,15
11월,prestigio,14,오후 (12-18시),17,866.64,13
11월,prestigio,15,오후 (12-18시),12,643.79,11
11월,prestigio,16,오후 (12-18시),6,319.34,6
11월,prestigio,17,오후 (12-18시),10,524.7,10
11월,prestigio,18,저녁 (18-24시),7,468.81,7
11월,prestigio,19,저녁 (18-24시),7,405.32,5
11월,prestigio,20,저녁 (18-24시),1,50.68,1
11월,prestigio,23,저녁 (18-24시),2,116.62,2
11월,samsung,0,새벽 (0-6시),429,111468.02,350
11월,samsung,1,새벽 (0-6시),780,196656.07,630
11월,samsung,2,새벽 (0-6시),1947,500096.04,1580
11월,samsung,3,새벽 (0-6시),5016,1300705.67,3875
11월,samsung,4,새벽 (0-6시),8001,2084599.69,6184
11월,samsung,5,새벽 (0-6시),9916,2588649.98,7521
11월,samsung,6,오전 (6-12시),10863,2873790.65,8200
11월,samsung,7,오전 (6-12시),11294,2911943.45,8601
11월,samsung,8,오전 (6-12시),12246,3266032.6,9323
11월,samsung,9,오전 (6-12시),13026,3506973.85,9830
11월,samsung,10,오전 (6-12시),12399,3320641.66,9598
11월,samsung,11,오전 (6-12시),11419,3062707.8,8793
11월,samsung,12,오후 (12-18시),10493,2794165.01,8304
11월,samsung,13,오후 (12-18시),10339,2750533.98,8248
11월,samsung,14,오후 (12-18시),9822,2570000.86,7779
11월,samsung,15,오후 (12-18시),8583,2187833.76,6876
11월,samsung,16,오후 (12-18시),7357,1894498.67,5811
11월,samsung,17,오후 (12-18시),6527,1697814.76,5242
11월,samsung,18,저녁 (18-24시),4012,1099129.57,3138
11월,samsung,19,저녁 (18-24시),3094,834310.59,2308
11월,samsung,20,저녁 (18-24시),1750,468342.37,1360
11월,samsung,21,저녁 (18-24시),1148,316951.5,863
11월,samsung,22,저녁 (18-24시),813,225347.04,625
11월,samsung,23,저녁 (18-24시),516,146596.42,400
11월,sony,0,새벽 (0-6시),2,720.22,2
11월,sony,1,새벽 (0-6시),3,1517.67,3
11월,sony,2,새벽 (0-6시),3,1594.61,3
11월,sony,3,새벽 (0-6시),11,4771.25,11
11월,sony,4,새벽 (0-6시),14,6302.23,14
11월,sony,5,새벽 (0-6시),25,10672.7,24
11월,sony,6,오전 (6-12시),27,12770.0,23
11월,sony,7,오전 (6-12시),23,10252.62,21
11월,sony,8,오전 (6-12시),36,13921.28,34
11월,sony,9,오전 (6-12시),29,11585.39,24
11월,sony,10,오전 (6-12시),43,15848.26,37
11월,sony,11,오전 (6-12시),45,15442.96,36
11월,sony,12,오후 (12-18시),31,8818.8,26
11월,sony,13,오후 (12-18시),34,16628.51,30
11월,sony,14,오후 (12-18시),21,6879.0,21
11월,sony,15,오후 (12-18시),19,7105.26,17
11월,sony,16,오후 (12-18시),32,11484.19,27
11월,sony,17,오후 (12-18시),16,4433.77,16
11월,sony,18,저녁 (18-24시),20,6163.66,13
11월,sony,19,저녁 (18-24시),8,4412.66,8
11월,sony,20,저녁 (18-24시),7,3575.85,7
11월,sony,21,저녁 (18-24시),1,385.6,1
11월,sony,22,저녁 (18-24시),4,2623.91,3
11월,sony,23,저녁 (18-24시),4,2101.66,2
11월,tecno,0,새벽 (0-6시),2,236.3,1
11월,tecno,2,새벽 (0-6시),1,110.43,1
11월,tecno,3,새벽 (0-6시),3,339.01,3
11월,tecno,4,새벽 (0-6시),4,457.16,4
11월,tecno,5,새벽 (0-6시),7,783.3,6
11월,tecno,6,오전 (6-12시),3,295.25,3
11월,tecno,7,오전 (6-12시),4,441.71,4
11월,tecno,8,오전 (6-12시),12,1217.55,12
11월,tecno,9,오전 (6-12시),11,1150.36,9
11월,tecno,10,오전 (6-12시),6,608.26,6
11월,tecno,11,오전 (6-12시),5,516.62,5
11월,tecno,12,오후 (12-18시),6,672.87,5
11월,tecno,13,오후 (12-18시),7,682.65,6
11월,tecno,14,오후 (12-18시),1,118.15,1
11월,tecno,15,오후 (12-18시),4,472.6,2
11월,tecno,16,오후 (12-18시),2,177.1,2
11월,tecno,17,오후 (12-18시),4,444.29,4
11월,tecno,19,저녁 (18-24시),1,94.98,1
11월,tecno,20,저녁 (18-24시),2,220.86,2
11월,tecno,21,저녁 (18-24시),1,118.15,1
11월,texet,5,새벽 (0-6시),1,67.18,1
11월,texet,8,오전 (6-12시),1,115.46,1
11월,texet,10,오전 (6-12시),2,183.41,2
11월,texet,12,오후 (12-18시),1,120.7,1
11월,texet,13,오후 (12-18시),1,67.96,1
11월,tp-link,0,새벽 (0-6시),2,128.18,2
11월,tp-link,1,새벽 (0-6시),1,61.52,1
11월,tp-link,2,새벽 (0-6시),4,284.69,3
11월,tp-link,3,새벽 (0-6시),11,1060.24,9
11월,tp-link,4,새벽 (0-6시),29,3138.69,26
11월,tp-link,5,새벽 (0-6시),31,3594.56,28
11월,tp-link,6,오전 (6-12시),31,3528.63,28
11월,tp-link,7,오전 (6-12시),46,5658.27,38
11월,tp-link,8,오전 (6-12시),51,6031.72,44
11월,tp-link,9,오전 (6-12시),60,6750.64,47
11월,tp-link,10,오전 (6-12시),54,6675.5,48
11월,tp-link,11,오전 (6-12시),59,7086.81,43
11월,tp-link,12,오후 (12-18시),53,6598.17,45
11월,tp-link,13,오후 (12-18시),41,5183.02,35
11월,tp-link,14,오후 (12-18시),30,3667.85,23
11월,tp-link,15,오후 (12-18시),20,2243.74,17
11월,tp-link,16,오후 (12-18시),16,1843.98,12
11월,tp-link,17,오후 (12-18시),9,942.53,9
11월,tp-link,18,저녁 (18-24시),6,852.0,4
11월,tp-link,19,저녁 (18-24시),4,359.33,3
11월,tp-link,20,저녁 (18-24시),2,271.3,2
11월,umi,2,새벽 (0-6시),5,2625.23,3
11월,umi,3,새벽 (0-6시),5,2496.68,5
11월,umi,4,새벽 (0-6시),4,2007.68,3
11월,umi,5,새벽 (0-6시),6,2960.04,6
11월,umi,6,오전 (6-12시),12,5636.94,11
11월,umi,7,오전 (6-12시),8,3577.78,7
11월,umi,8,오전 (6-12시),9,3989.61,9
11월,umi,9,오전 (6-12시),4,1776.02,4
11월,umi,10,오전 (6-12시),20,9729.52,20
11월,umi,11,오전 (6-12시),14,6589.3,13
11월,umi,12,오후 (12-18시),12,5559.72,11
11월,umi,13,오후 (12-18시),13,6486.35,12
11월,umi,14,오후 (12-18시),9,4221.27,6
11월,umi,15,오후 (12-18시),8,3783.7,6
11월,umi,16,오후 (12-18시),5,2496.73,5
11월,umi,17,오후 (12-18시),4,2110.64,4
11월,umi,18,저녁 (18-24시),4,1853.24,3
11월,umi,20,저녁 (18-24시),3,1338.45,2
11월,umi,22,저녁 (18-24시),1,437.57,1
11월,unknown,1,새벽 (0-6시),1,1029.37,1
11월,unknown,4,새벽 (0-6시),7,3842.41,7
11월,unknown,5,새벽 (0-6시),5,1850.13,5
11월,unknown,6,오전 (6-12시),8,2891.7,8
11월,unknown,7,오전 (6-12시),7,3086.65,7
11월,unknown,8,오전 (6-12시),9,2592.89,8
11월,unknown,9,오전 (6-12시),10,5216.35,10
11월,unknown,10,오전 (6-12시),6,2561.59,6
11월,unknown,11,오전 (6-12시),17,5510.56,12
11월,unknown,12,오후 (12-18시),15,7589.6,13
11월,unknown,13,오후 (12-18시),9,4046.47,9
11월,unknown,14,오후 (12-18시),23,10759.61,20
11월,unknown,15,오후 (12-18시),17,6291.44,17
11월,unknown,16,오후 (12-18시),7,5082.07,5
11월,unknown,17,오후 (12-18시),4,2911.16,3
11월,unknown,18,저녁 (18-24시),4,2534.36,4
11월,unknown,19,저녁 (18-24시),4,3577.09,4
11월,unknown,20,저녁 (18-24시),2,2470.54,1
11월,vivo,0,새벽 (0-6시),7,1961.32,5
11월,vivo,1,새벽 (0-6시),20,5538.92,12
11월,vivo,2,새벽 (0-6시),13,4061.65,9
11월,vivo,3,새벽 (0-6시),42,12295.6,38
11월,vivo,4,새벽 (0-6시),83,22917.27,66
11월,vivo,5,새벽 (0-6시),81,21550.55,70
11월,vivo,6,오전 (6-12시),126,33658.92,104
11월,vivo,7,오전 (6-12시),160,44614.52,128
11월,vivo,8,오전 (6-12시),135,37077.96,112
11월,vivo,9,오전 (6-12시),155,41157.87,135
11월,vivo,10,오전 (6-12시),169,45610.85,134
11월,vivo,11,오전 (6-12시),129,33379.0,114
11월,vivo,12,오후 (12-18시),146,36171.71,123
11월,vivo,13,오후 (12-18시),134,33156.76,122
11월,vivo,14,오후 (12-18시),112,31351.74,99
11월,vivo,15,오후 (12-18시),100,26675.19,83
11월,vivo,16,오후 (12-18시),93,26647.1,85
11월,vivo,17,오후 (12-18시),93,24566.89,73
11월,vivo,18,저녁 (18-24시),37,11100.54,34
11월,vivo,19,저녁 (18-24시),30,8357.29,27
11월,vivo,20,저녁 (18-24시),19,5985.16,12
11월,vivo,21,저녁 (18-24시),15,3665.15,13
11월,vivo,22,저녁 (18-24시),4,1377.03,4
11월,vivo,23,저녁 (18-24시),11,3294.53,10
11월,xiaomi,0,새벽 (0-6시),185,36708.29,144
11월,xiaomi,1,새벽 (0-6시),225,45459.29,197
11월,xiaomi,2,새벽 (0-6시),620,124686.91,519
11월,xiaomi,3,새벽 (0-6시),1343,264758.13,1133
11월,xiaomi,4,새벽 (0-6시),2416,487404.73,1954
11월,xiaomi,5,새벽 (0-6시),2800,560115.12,2325
11월,xiaomi,6,오전 (6-12시),2997,593355.53,2452
11월,xiaomi,7,오전 (6-12시),3044,607098.37,2550
11월,xiaomi,8,오전 (6-12시),3488,703338.21,2916
11월,xiaomi,9,오전 (6-12시),3703,748124.87,3037
11월,xiaomi,10,오전 (6-12시),3569,733625.45,2904
11월,xiaomi,11,오전 (6-12시),3430,700818.06,2786
11월,xiaomi,12,오후 (12-18시),3306,683504.9,2752
11월,xiaomi,13,오후 (12-18시),3300,670507.34,2764
11월,xiaomi,14,오후 (12-18시),3379,687183.26,2739
11월,xiaomi,15,오후 (12-18시),2911,583171.8,2462
11월,xiaomi,16,오후 (12-18시),2414,493992.25,1986
11월,xiaomi,17,오후 (12-18시),2213,459934.85,1807
11월,xiaomi,18,저녁 (18-24시),1232,251388.11,1012
11월,xiaomi,19,저녁 (18-24시),812,172723.47,638
11월,xiaomi,20,저녁 (18-24시),482,101486.95,376
11월,xiaomi,21,저녁 (18-24시),285,57029.02,228
11월,xiaomi,22,저녁 (18-24시),251,52094.74,195
11월,xiaomi,23,저녁 (18-24시),148,26111.04,120
11월,zte,0,새벽 (0-6시),1,74.62,1
11월,zte,2,새벽 (0-6시),3,221.3,3
11월,zte,3,새벽 (0-6시),4,298.5,3
11월,zte,4,새벽 (0-6시),4,310.15,4
11월,zte,5,새벽 (0-6시),8,678.18,8
11월,zte,6,오전 (6-12시),9,741.16,6
11월,zte,7,오전 (6-12시),2,144.1,2
11월,zte,8,오전 (6-12시),10,735.96,8
11월,zte,9,오전 (6-12시),8,550.66,7
11월,zte,10,오전 (6-12시),8,712.89,7
11월,zte,11,오전 (6-12시),11,954.79,9
11월,zte,12,오후 (12-18시),9,669.06,8
11월,zte,13,오후 (12-18시),8,635.63,8
11월,zte,14,오후 (12-18시),2,154.4,1
11월,zte,15,오후 (12-18시),8,774.69,7
11월,zte,16,오후 (12-18시),5,370.55,5
11월,zte,17,오후 (12-18시),4,285.63,4
11월,zte,18,저녁 (18-24시),2,154.4,2
11월,zte,19,저녁 (18-24시),3,205.86,3
11월,zte,21,저녁 (18-24시),1,77.2,1
11월,zte,23,저녁 (18-24시),2,154.4,2
